ID_VENTE|CD_PRODUIT|DT_VENTE|ID_CLIENT|QTE_VENTE|PRIX_ACHAT|PRIX_VENTE
CA-2014-AA10315140-41702|OFF-FA-2890|22/03/2023|AA-103151402|5|2.304|2.88
CA-2015-AG10330140-42361|FUR-TA-5061|22/03/2023|AG-103301404|1|116.832|146.04
IN-2012-ML180407-40957|TEC-PH-3785|22/03/2023|ML-180407|2|58.6752|73.344
CA-2014-AG10330140-41855|TEC-AC-6077|22/03/2023|AG-103301402|5|11.152|13.94
MX-2015-DM1352582-42334|TEC-PH-5248|22/03/2023|DM-1352582|12|41.6304|52.038
ES-2013-AB10060139-41627|FUR-BO-5949|22/03/2023|AB-10060139|5|221.00904|276.2613
IN-2015-MS1736578-42189|FUR-CH-4557|22/03/2023|MS-1736578|4|32.1216|40.152
IT-2014-RM19375139-41870|OFF-AP-3873|22/03/2023|RM-19375139|5|258.3792|322.974
IN-2014-DO13435144-41730|TEC-PH-5268|22/03/2023|DO-13435144|6|154.2456|192.807
IZ-2015-JL550561-42028|OFF-ST-5693|22/03/2023|JL-550561|5|34.0992|42.624
IN-2014-SP205457-41670|OFF-ST-6261|22/03/2023|SP-205457|12|97.992|122.49
IN-2014-KD1627027-41935|FUR-TA-3772|22/03/2023|KD-1627027|7|168.156|210.195
IT-2012-CM1181545-41016|TEC-MA-5572|22/03/2023|CM-1181545|6|63.2736|79.092
MX-2014-RO1978016-41807|TEC-AC-5866|22/03/2023|RO-1978016|9|17.7024|22.128
IN-2014-CR1262558-41939|FUR-BO-5787|22/03/2023|CR-1262558|9|166.8864|208.608
UP-2012-SF10065137-41157|OFF-ST-5710|22/03/2023|SF-10065137|4|24.864|31.08
CA-2014-AG10330140-41855|OFF-EN-6325|22/03/2023|AG-103301402|14|21.744|27.18
CA-2015-AG10330140-42361|OFF-PA-6436|22/03/2023|AG-103301404|3|12.1408|15.176
ES-2015-LF17185139-42320|TEC-PH-3148|22/03/2023|LF-17185139|5|152.6904|190.863
CA-2015-AG10330140-42349|TEC-PH-4897|22/03/2023|AG-103301404|2|23.96|29.95
TZ-2015-TT11220129-42252|OFF-AP-4960|22/03/2023|TT-11220129|4|210.948|263.685
MX-2014-LH1702093-41994|OFF-AP-4742|22/03/2023|LH-1702093|2|181.728|227.16
MX-2012-AH1019539-40925|TEC-CO-4574|22/03/2023|AH-1019539|2|46.2888|57.861
IN-2014-BN1147027-41896|TEC-CO-4775|22/03/2023|BN-1147027|11|71.5536|89.442
SA-2015-KH6630110-42043|TEC-CO-3708|22/03/2023|KH-6630110|5|151.32|189.15
ID-2015-AA1064559-42332|TEC-CO-5996|22/03/2023|AA-1064559|2|53.77216|67.2152
ES-2012-JL1513045-41146|FUR-CH-5379|22/03/2023|JL-1513045|5|219.816|274.77
US-2015-MZ1733582-42147|FUR-BO-5770|22/03/2023|MZ-1733582|6|78.4212|98.0265
ZA-2013-KM6375146-41478|TEC-CO-5998|22/03/2023|KM-6375146|4|141.7392|177.174
IN-2012-MV17485113-41213|TEC-AC-5225|22/03/2023|MV-17485113|4|105.6896|132.112
IN-2014-AF108857-41684|TEC-PH-5846|22/03/2023|AF-108857|3|49.296|61.62
CA-2015-AG10330140-42357|OFF-AR-5287|22/03/2023|AG-103301408|7|1.408|1.76
IN-2014-KT16465113-41958|TEC-CO-4766|22/03/2023|KT-16465113|9|175.4568|219.321
ES-2014-EM1382545-41684|TEC-PH-3148|22/03/2023|EM-1382545|6|152.6904|190.863
IN-2015-ME1732027-42340|TEC-MA-6137|22/03/2023|ME-1732027|2|51.408|64.26
ES-2013-JM1586545-41312|TEC-PH-3787|22/03/2023|JM-1586545|6|87.3936|109.242
MX-2013-MM1792082-41388|FUR-CH-4563|22/03/2023|MM-1792082|3|108.072|135.09
CA-2015-AG10330140-42361|OFF-PA-6485|22/03/2023|AG-103301404|7|5.184|6.48
US-2014-JR1567054-41807|FUR-BO-5788|22/03/2023|JR-1567054|5|202.6908|253.3635
ES-2012-EH1418548-41135|FUR-CH-4702|22/03/2023|EH-1418548|7|38.6928|48.366
ES-2014-MS17365139-41971|FUR-CH-5406|22/03/2023|MS-17365139|9|18.0736|22.592
RO-2014-KW6570107-41800|FUR-BO-4850|22/03/2023|KW-6570107|8|132.192|165.24
IZ-2015-DB306061-42089|OFF-ST-5703|22/03/2023|DB-306061|4|67.4208|84.276
IN-2015-EM1414011-42021|TEC-CO-6011|22/03/2023|EM-1414011|4|184.1424|230.178
CA-2015-AG10330140-42349|OFF-PA-6589|22/03/2023|AG-103301404|5|4.1472|5.184
IN-2013-EH141857-41425|FUR-CH-4531|22/03/2023|EH-141857|2|113.6664|142.083
IN-2013-MW182357-41627|TEC-PH-3148|22/03/2023|MW-182357|5|152.6904|190.863
ES-2014-DL1349545-41948|FUR-CH-5441|22/03/2023|DL-1349545|3|112.7808|140.976
ES-2015-FA1423048-42115|TEC-PH-3806|22/03/2023|FA-1423048|3|208.8576|261.072
ES-2013-JF1556548-41306|TEC-AC-5895|22/03/2023|JF-1556548|3|101.664|127.08
IN-2015-KE1642066-42174|FUR-CH-5411|22/03/2023|KE-1642066|7|53.424|66.78
CA-2015-AG10330140-42361|OFF-BI-3732|22/03/2023|AG-103301404|7|1.5192|1.899
ES-2014-KW16435139-41641|FUR-BO-5961|22/03/2023|KW-16435139|5|62.6976|78.372
KE-2015-LO717069-42365|TEC-PH-3806|22/03/2023|LO-717069|8|208.8576|261.072
MX-2015-GM1444037-42265|TEC-CO-3588|22/03/2023|GM-1444037|1|55.675424|69.59428
IT-2012-DL1331591-41137|FUR-BO-3891|22/03/2023|DL-1331591|4|131.8752|164.844
MX-2013-AP1072018-41482|FUR-CH-4654|22/03/2023|AP-1072018|8|145.5072|181.884
RS-2015-KB6315108-42033|OFF-ST-4106|22/03/2023|KB-6315108|5|11.628|14.535
ES-2015-KB1640545-42122|TEC-CO-4767|22/03/2023|KB-1640545|12|77.8656|97.332
US-2012-AR10345140-41272|FUR-TA-4622|22/03/2023|AR-103451406|7|116.392|145.49
IN-2015-JM1526511-42289|TEC-PH-3148|22/03/2023|JM-1526511|3|152.6904|190.863
IN-2012-BS117557-41109|FUR-BO-3641|22/03/2023|BS-117557|2|263.2824|329.103
ES-2014-EL13735139-41987|TEC-AC-3385|22/03/2023|EL-13735139|7|43.568|54.46
MX-2014-DV1304582-41866|FUR-BO-4849|22/03/2023|DV-1304582|7|265.1328|331.416
US-2012-AR10345140-41272|TEC-PH-3827|22/03/2023|AR-103451406|8|44.7936|55.992
ES-2012-JF1556564-41075|OFF-AP-4500|22/03/2023|JF-1556564|6|202.068|252.585
ES-2014-JK1609064-41800|TEC-CO-3687|22/03/2023|JK-1609064|2|76.3272|95.409
IN-2013-MY1738092-41583|TEC-CO-3601|22/03/2023|MY-1738092|3|46.4048|58.006
CA-2013-AR10345140-41527|FUR-CH-4399|22/03/2023|AR-103451402|6|185.0256|231.282
CA-2015-AR10345140-42256|TEC-AC-5198|22/03/2023|AR-103451402|1|14.2|17.75
IN-2014-RB194657-41898|OFF-AP-4725|22/03/2023|RB-194657|6|45.5124|56.8905
IN-2015-CA1231011-42172|TEC-MA-5016|22/03/2023|CA-1231011|14|63.9|79.875
MX-2014-ML1741082-41959|OFF-ST-5702|22/03/2023|ML-1741082|3|67.728|84.66
CA-2015-AR10345140-42258|OFF-AR-4010|22/03/2023|AR-103451406|6|4.7616|5.952
US-2013-AM10360140-41356|TEC-AC-5109|22/03/2023|AM-103601404|2|51.1936|63.992
ES-2013-HF1499545-41517|TEC-CO-3599|22/03/2023|HF-1499545|3|63.303744|79.12968
ID-2015-MP17965144-42008|FUR-CH-5379|22/03/2023|MP-17965144|5|219.816|274.77
IN-2013-CS1217558-41374|FUR-CH-5373|22/03/2023|CS-1217558|3|18.7488|23.436
ES-2013-JJ1544514-41600|FUR-CH-4701|22/03/2023|JJ-1544514|9|39.8736|49.842
MX-2015-JF1556518-42368|FUR-BO-5786|22/03/2023|JF-1556518|5|209.232|261.54
IN-2014-FW1439559-41836|OFF-AP-4966|22/03/2023|FW-1439559|7|182.688|228.36
US-2013-AM10360140-41356|OFF-PA-6307|22/03/2023|AM-103601404|4|11.2128|14.016
ID-2013-DL133307-41626|FUR-BO-4853|22/03/2023|DL-133307|11|100.464|125.58
ES-2015-MF1825045-42249|FUR-BO-5785|22/03/2023|MF-1825045|4|93.42|116.775
CA-2015-AM10360140-42153|FUR-BO-3652|22/03/2023|AM-103601406|7|39.4264|49.283
ES-2015-RA1991564-42245|FUR-BO-3635|22/03/2023|RA-1991564|4|74.1504|92.688
ID-2012-RF1934527-41062|FUR-BO-5941|22/03/2023|RF-1934527|7|72.192|90.24
CA-2015-AM10360140-42341|OFF-AP-4242|22/03/2023|AM-103601404|8|16.9536|21.192
GH-2015-TT1107049-42332|TEC-AC-4186|22/03/2023|TT-1107049|3|54.6432|68.304
CG-2014-MG768033-41681|TEC-CO-3597|22/03/2023|MG-768033|6|235.65456|294.5682
CA-2012-AM10360140-41187|OFF-BI-4376|22/03/2023|AM-103601402|4|1.2288|1.536
CA-2015-AM10360140-42341|OFF-BI-5939|22/03/2023|AM-103601404|2|10.4184|13.023
CA-2014-AM10360140-41837|OFF-ST-5595|22/03/2023|AM-103601402|2|12.408|15.51
IN-2014-JE1571527-41640|FUR-BO-5959|22/03/2023|JE-1571527|3|93.1392|116.424
ID-2015-SG2089059-42217|TEC-PH-3807|22/03/2023|SG-2089059|7|157.0176|196.272
ES-2012-CA12265139-41178|TEC-CO-3609|22/03/2023|CA-12265139|4|151.38|189.225
CA-2015-AM10360140-42153|OFF-PA-4782|22/03/2023|AM-103601406|5|4.624|5.78
ES-2012-MG1787514-41243|TEC-AC-3403|22/03/2023|MG-1787514|3|102.624|128.28
IN-2015-CD1192059-42326|TEC-CO-4590|22/03/2023|CD-1192059|7|122.1216|152.652
IN-2012-ES1408027-40941|FUR-BO-5798|22/03/2023|ES-1408027|6|36.36|45.45
MX-2012-LP1709528-41002|FUR-CH-4682|22/03/2023|LP-1709528|7|74.86296|93.5787
ID-2014-FC143357-41817|TEC-MA-5512|22/03/2023|FC-143357|6|64.0584|80.073
IN-2012-LR1703558-41195|TEC-MA-5548|22/03/2023|LR-1703558|5|165.6|207
IN-2013-SW2024558-41425|TEC-PH-5827|22/03/2023|SW-2024558|7|17.568|21.96
IN-2012-DG1330027-41133|FUR-TA-3418|22/03/2023|DG-1330027|13|158.7168|198.396
MX-2015-MA1756037-42266|TEC-CO-4766|22/03/2023|MA-1756037|3|175.4568|219.321
ID-2012-TS21160102-41207|FUR-CH-5442|22/03/2023|TS-21160102|6|272.97912|341.2239
IN-2014-BF1100527-41913|FUR-CH-5795|22/03/2023|BF-1100527|4|86.3424|107.928
IN-2013-JM1558027-41475|TEC-PH-5350|22/03/2023|JM-1558027|3|44.592|55.74
UP-2014-MD7860137-41810|FUR-CH-4530|22/03/2023|MD-7860137|5|113.0832|141.354
IN-2015-DV1304558-42329|OFF-ST-6263|22/03/2023|DV-1304558|4|49.0032|61.254
SA-2015-RE9450110-42168|TEC-PH-5267|22/03/2023|RE-9450110|7|437.0904|546.363
CA-2015-AM10360140-42341|OFF-PA-6415|22/03/2023|AM-103601404|4|3.4752|4.344
IN-2015-ME1732027-42364|TEC-MA-5007|22/03/2023|ME-1732027|2|206.23176|257.7897
CA-2014-AM10360140-41837|OFF-PA-6082|22/03/2023|AM-103601402|3|6.672|8.34
ES-2015-JB15400139-42116|FUR-BO-3635|22/03/2023|JB-15400139|3|74.1504|92.688
ES-2014-JC1534045-41803|OFF-AP-4501|22/03/2023|JC-1534045|5|159.8592|199.824
IT-2012-EM1396062-41265|TEC-AC-5894|22/03/2023|EM-1396062|2|61.524|76.905
IN-2012-MH1778559-41221|OFF-ST-6261|22/03/2023|MH-1778559|7|97.992|122.49
IN-2015-RF1984058-42273|FUR-CH-5413|22/03/2023|RF-1984058|4|70.1696|87.712
ES-2015-CV12805139-42251|TEC-PH-5340|22/03/2023|CV-12805139|8|49.4016|61.752
US-2013-AR1034518-41601|FUR-BO-5786|22/03/2023|AR-1034518|7|209.232|261.54
MX-2012-RD1993051-41237|FUR-BO-5761|22/03/2023|RD-1993051|4|222.09768|277.6221
CA-2015-AM10360140-42341|OFF-FA-6129|22/03/2023|AM-103601404|4|16.8832|21.104
IT-2015-KC16675139-42263|OFF-ST-4079|22/03/2023|KC-16675139|6|47.6136|59.517
IN-2014-PG1882027-41649|TEC-CO-5995|22/03/2023|PG-1882027|7|53.19808|66.4976
IN-2015-HD1478527-42240|TEC-CO-4568|22/03/2023|HD-1478527|9|83.519072|104.39884
IT-2014-VD21670139-41999|OFF-ST-5693|22/03/2023|VD-21670139|3|34.0992|42.624
IN-2014-VW2177527-41836|TEC-PH-5844|22/03/2023|VW-2177527|6|39.8496|49.812
MX-2013-DO1364512-41461|TEC-CO-3684|22/03/2023|DO-1364512|7|98.5608|123.201
CA-2015-AM10360140-42341|OFF-AR-5633|22/03/2023|AM-103601404|7|1.344|1.68
CA-2014-AA10375140-41958|TEC-AC-5098|22/03/2023|AA-103751408|6|199.992|249.99
CG-2013-SC1030533-41538|TEC-CO-3688|22/03/2023|SC-1030533|2|88.6452|110.8065
CA-2013-AA10375140-41307|TEC-AC-4938|22/03/2023|AA-103751402|6|31.9936|39.992
ES-2012-BT1148545-41177|OFF-AP-3865|22/03/2023|BT-1148545|3|89.1072|111.384
CA-2013-AA10375140-41307|FUR-FU-3836|22/03/2023|AA-103751402|5|11.36|14.2
ES-2015-VP21760139-42280|OFF-AP-4967|22/03/2023|VP-21760139|2|136.3896|170.487
CA-2015-AA10375140-42350|TEC-PH-3965|22/03/2023|AA-103751406|3|37.4336|46.792
CA-2013-AA10375140-41591|OFF-ST-5628|22/03/2023|AA-103751408|2|11.328|14.16
SG-2012-EB3975111-41107|OFF-ST-4266|22/03/2023|EB-3975111|6|91.2252|114.0315
US-2015-AA10375140-42255|OFF-PA-6461|22/03/2023|AA-103751406|8|12.7872|15.984
US-2015-AA10375140-42255|OFF-PA-3328|22/03/2023|AA-103751406|2|2.1632|2.704
MX-2012-JW1607582-40989|TEC-PH-5355|22/03/2023|JW-1607582|5|305.928|382.41
IN-2013-FG1426058-41509|TEC-CO-4593|22/03/2023|FG-1426058|5|91.2456|114.057
CA-2013-AA37523-41544|OFF-BI-3737|22/03/2023|AA-37523|2|1.4336|1.792
IN-2013-TS212057-41495|FUR-CH-5776|22/03/2023|TS-212057|4|148.3776|185.472
NI-2014-NS850595-41699|OFF-AP-4508|22/03/2023|NS-850595|3|389.1456|486.432
ID-2015-TT2146059-42185|TEC-CO-3678|22/03/2023|TT-2146059|4|84.064448|105.08056
IN-2013-SF2006527-41494|TEC-CO-4577|22/03/2023|SF-2006527|8|135.391872|169.23984
IN-2015-MM1792058-42325|OFF-AR-3525|22/03/2023|MM-1792058|3|12.8736|16.092
ES-2012-LT1711048-41248|TEC-PH-3147|22/03/2023|LT-1711048|9|178.164|222.705
ES-2013-RA19285120-41335|TEC-CO-3685|22/03/2023|RA-19285120|1|137.7648|172.206
IN-2013-JH1543092-41466|TEC-MA-5507|22/03/2023|JH-1543092|11|40.32|50.4
US-2015-NF1859582-42145|FUR-TA-3430|22/03/2023|NF-1859582|6|249.4368|311.796
MX-2015-CL1270018-42348|FUR-BO-4857|22/03/2023|CL-1270018|7|55.3152|69.144
ID-2014-KM1666059-41815|FUR-TA-3758|22/03/2023|KM-1666059|5|213.672|267.09
CA-2012-AA10375140-41205|OFF-BI-3306|22/03/2023|AA-103751404|4|11.424|14.28
ES-2012-BK1126048-41009|TEC-CO-3679|22/03/2023|BK-1126048|3|83.7696|104.712
CA-2014-AA10375140-41831|OFF-ST-6157|22/03/2023|AA-103751404|3|8.384|10.48
ES-2014-MB1730545-41759|FUR-BO-5799|22/03/2023|MB-1730545|2|35.6256|44.532
ES-2012-RD19585120-41215|OFF-AP-3571|22/03/2023|RD-19585120|8|72.4104|90.513
IN-2013-RD1990027-41598|OFF-ST-6033|22/03/2023|RD-1990027|4|30.9312|38.664
ES-2012-EM13960139-41152|TEC-MA-4199|22/03/2023|EM-13960139|4|123.288|154.11
ID-2015-TC211457-42343|FUR-CH-4701|22/03/2023|TC-211457|4|39.8736|49.842
MO-2013-AR82586-41362|OFF-AP-3874|22/03/2023|AR-82586|6|287.488|359.36
ES-2013-DL128658-41515|TEC-PH-3141|22/03/2023|DL-128658|2|31.3776|39.222
IN-2012-JK160907-41159|FUR-BO-4851|22/03/2023|JK-160907|11|131.76|164.7
ES-2012-TS21370139-40968|FUR-BO-5763|22/03/2023|TS-21370139|3|140.208|175.26
CA-2012-AA10375140-41019|OFF-BI-2938|22/03/2023|AA-103751404|3|3.304|4.13
IN-2012-FM142907-41174|TEC-MA-6142|22/03/2023|FM-142907|5|200.37528|250.4691
MX-2013-PC1874531-41580|FUR-FU-5727|22/03/2023|PC-1874531|2|17.5824|21.978
IN-2014-CR12580144-41871|TEC-PH-3145|22/03/2023|CR-12580144|8|43.7568|54.696
IN-2013-EB1384027-41418|FUR-BO-5966|22/03/2023|EB-1384027|12|206.448|258.06
IN-2014-BK1126011-41940|TEC-PH-3807|22/03/2023|BK-1126011|2|157.0176|196.272
ID-2013-GT1463597-41564|OFF-AP-4507|22/03/2023|GT-1463597|2|289.648|362.06
IN-2015-DB1361558-42333|FUR-CH-5443|22/03/2023|DB-1361558|4|150.2976|187.872
US-2015-RE1940536-42334|TEC-CO-4767|22/03/2023|RE-1940536|3|77.8656|97.332
ES-2015-DK1298548-42319|TEC-PH-3129|22/03/2023|DK-1298548|4|40.0752|50.094
CA-2014-AA10375140-41958|OFF-PA-6598|22/03/2023|AA-103751408|5|3.3792|4.224
IN-2012-TP21130144-41223|OFF-ST-6248|22/03/2023|TP-21130144|1|43.0752|53.844
MX-2013-SD2048531-41569|FUR-TA-3439|22/03/2023|SD-2048531|8|257.184|321.48
RS-2013-GW4605108-41625|TEC-MA-4203|22/03/2023|GW-4605108|4|25.4016|31.752
ES-2013-SP2092048-41510|TEC-PH-5839|22/03/2023|SP-2092048|8|204.48|255.6
SI-2015-SM10005115-42252|FUR-BO-5780|22/03/2023|SM-10005115|3|78.696|98.37
CA-2013-AA10375140-41402|OFF-AR-5299|22/03/2023|AA-103751404|6|2.624|3.28
MX-2015-CT1199528-42022|FUR-CH-4563|22/03/2023|CT-1199528|2|108.072|135.09
UP-2015-JC5775137-42305|OFF-ST-5700|22/03/2023|JC-5775137|7|93.1128|116.391
IN-2015-MS175307-42290|TEC-CO-4773|22/03/2023|MS-175307|6|72.3312|90.414
MX-2014-JH1598551-41816|FUR-TA-4711|22/03/2023|JH-1598551|2|85.248|106.56
ML-2014-ND846079-41866|FUR-CH-5443|22/03/2023|ND-846079|3|150.2976|187.872
CA-2015-AA10375140-42350|OFF-PA-6445|22/03/2023|AA-103751406|4|3.8272|4.784
CA-2014-AA10375140-41958|OFF-BI-2937|22/03/2023|AA-103751408|3|0.9912|1.239
IN-2014-SS2014027-41929|FUR-BO-4866|22/03/2023|SS-2014027|2|39.6576|49.572
MX-2015-KT16465141-42301|FUR-TA-3346|22/03/2023|KT-16465141|9|362.832|453.54
ID-2014-BG1103527-41781|FUR-FU-4065|22/03/2023|BG-1103527|4|24.8128|31.016
IN-2014-CC1214559-41872|TEC-PH-5813|22/03/2023|CC-1214559|6|40.3488|50.436
IN-2015-DO1343558-42141|OFF-AP-3873|22/03/2023|DO-1343558|6|258.3792|322.974
CA-2015-AA10375140-42350|OFF-BI-3823|22/03/2023|AA-103751406|4|4.4856|5.607
ES-2012-BV11245139-41061|OFF-AP-4965|22/03/2023|BV-11245139|1|304.08|380.1
ID-2012-MG1768058-41219|TEC-PH-5248|22/03/2023|MG-1768058|4|41.6304|52.038
CA-2012-AG10390140-41017|OFF-BI-4344|22/03/2023|AG-103901408|4|3.096|3.87
MX-2015-VP2173082-42297|TEC-MA-6147|22/03/2023|VP-2173082|3|153.774|192.2175
UP-2015-DM2955137-42150|FUR-CH-5808|22/03/2023|DM-2955137|7|102.114|127.6425
MX-2013-ON1871582-41627|FUR-BO-3626|22/03/2023|ON-1871582|6|99.3672|124.209
UP-2013-PJ9015137-41353|OFF-ST-6283|22/03/2023|PJ-9015137|4|17.3568|21.696
IN-2012-TP21130144-41223|TEC-AC-5134|22/03/2023|TP-21130144|8|39.5712|49.464
IN-2012-DH1367558-41233|TEC-PH-3806|22/03/2023|DH-1367558|3|208.8576|261.072
IR-2014-JH582060-41811|TEC-PH-5841|22/03/2023|JH-582060|3|203.5968|254.496
IN-2012-GT1471058-41158|TEC-PH-5271|22/03/2023|GT-1471058|1|41.9424|52.428
IT-2015-ME1801045-42222|FUR-TA-3351|22/03/2023|ME-1801045|4|200.604|250.755
IN-2013-BF1117027-41353|FUR-BO-4848|22/03/2023|BF-1117027|5|305.94024|382.4253
IN-2014-EM139607-41895|FUR-BO-5771|22/03/2023|EM-139607|7|71.7408|89.676
ES-2014-LC1714064-41840|FUR-CH-5380|22/03/2023|LC-1714064|9|196.352|245.44
ES-2013-DB1306045-41622|TEC-CO-5996|22/03/2023|DB-1306045|5|53.77216|67.2152
ES-2014-ML1826548-41787|FUR-TA-3441|22/03/2023|ML-1826548|7|424.944|531.18
MX-2013-CR1273082-41447|FUR-TA-5071|22/03/2023|CR-1273082|5|75.1392|93.924
MX-2014-BS1138026-41985|TEC-CO-5991|22/03/2023|BS-1138026|6|95.76|119.7
MX-2015-NG1843018-42298|FUR-FU-6253|22/03/2023|NG-1843018|3|61.5888|76.986
CA-2012-AG10390140-41017|OFF-PA-6597|22/03/2023|AG-103901408|6|4.1472|5.184
IN-2013-AH106907-41636|FUR-CH-5774|22/03/2023|AH-106907|11|275.4|344.25
MX-2013-TS2134082-41566|FUR-CH-4532|22/03/2023|TS-2134082|4|152.2752|190.344
ID-2012-EH14125102-41097|TEC-MA-5548|22/03/2023|EH-14125102|7|165.6|207
IN-2014-EH1376527-41855|FUR-BO-3897|22/03/2023|EH-1376527|7|90.032|112.54
MX-2015-RD1966082-42038|TEC-PH-5358|22/03/2023|RD-1966082|7|29.8656|37.332
MA-2015-CD198077-42363|TEC-CO-3710|22/03/2023|CD-198077|4|121.1712|151.464
AG-2015-CL25653-42164|OFF-AP-4963|22/03/2023|CL-25653|1|126.2592|157.824
MX-2013-JK1609082-41399|FUR-CH-5378|22/03/2023|JK-1609082|2|110.5056|138.132
ID-2013-SC2080059-41380|FUR-TA-3431|22/03/2023|SC-2080059|5|220.0576|275.072
ES-2012-SC2080045-41138|TEC-CO-4569|22/03/2023|SC-2080045|4|105.468|131.835
MX-2014-JK1562526-41962|FUR-CH-4531|22/03/2023|JK-1562526|7|113.6664|142.083
RS-2014-MO7800108-41808|OFF-ST-4268|22/03/2023|MO-7800108|3|82.944|103.68
IT-2014-CA1226545-41798|FUR-TA-3435|22/03/2023|CA-1226545|8|142.96008|178.7001
ID-2014-FM1421559-41651|FUR-TA-3779|22/03/2023|FM-1421559|5|76.8144|96.018
ES-2013-ND18370139-41318|TEC-CO-6006|22/03/2023|ND-18370139|8|50.918784|63.64848
EG-2015-CR258038-42335|FUR-TA-4705|22/03/2023|CR-258038|8|174.1428|217.6785
ES-2015-SM20320139-42190|TEC-PH-5269|22/03/2023|SM-20320139|8|180.7512|225.939
AJ-2012-TC109809-41067|FUR-CH-4654|22/03/2023|TC-109809|3|145.5072|181.884
IN-2014-GM1468027-41849|TEC-PH-5843|22/03/2023|GM-1468027|1|40.3488|50.436
IN-2014-BP112307-41655|TEC-AC-5872|22/03/2023|BP-112307|4|53.9568|67.446
MZ-2014-TT1126587-41742|OFF-AP-3873|22/03/2023|TT-1126587|4|258.3792|322.974
IN-2014-BF110807-41976|OFF-AP-3864|22/03/2023|BF-110807|2|59.2832|74.104
CA-2012-AG10390140-41154|OFF-LA-3236|22/03/2023|AG-103901406|2|1.8432|2.304
ID-2013-JB159257-41527|OFF-AP-4964|22/03/2023|JB-159257|5|182.2656|227.832
IN-2012-SB20290144-41087|OFF-AP-4505|22/03/2023|SB-20290144|6|115.5776|144.472
MX-2013-GD1459082-41506|TEC-CO-3707|22/03/2023|GD-1459082|4|91.224|114.03
UP-2012-RD9900137-40968|TEC-AC-5135|22/03/2023|RD-9900137|9|98.052|122.565
IN-2013-ML1804059-41513|TEC-CO-5996|22/03/2023|ML-1804059|6|53.77216|67.2152
CA-2014-AG10390140-41964|OFF-BI-3308|22/03/2023|AG-103901406|4|12.824|16.03
CA-2014-AG10390140-41964|OFF-PA-6083|22/03/2023|AG-103901406|3|5.232|6.54
ES-2013-CH1207045-41598|TEC-AC-5226|22/03/2023|CH-1207045|3|118.2816|147.852
IN-2015-RS1976592-42202|TEC-CO-3687|22/03/2023|RS-1976592|5|76.3272|95.409
IT-2015-JF1535545-42126|OFF-ST-6049|22/03/2023|JF-1535545|2|63.1968|78.996
MX-2012-LT1676593-40931|FUR-BO-3890|22/03/2023|LT-1676593|2|208.29312|260.3664
CA-2015-AG10390140-42255|FUR-FU-3830|22/03/2023|AG-103901404|4|3.1616|3.952
CA-2014-AG10390140-41964|OFF-BI-2880|22/03/2023|AG-103901406|4|0.7008|0.876
CA-2014-AG10390140-41975|OFF-AR-5323|22/03/2023|AG-103901408|2|2.352|2.94
ES-2015-FA14230139-42223|FUR-BO-5941|22/03/2023|FA-14230139|2|72.192|90.24
MX-2012-GT1471039-40975|FUR-CH-4532|22/03/2023|GT-1471039|8|152.2752|190.344
US-2015-AR10405140-42244|FUR-TA-5421|22/03/2023|AR-104051406|9|243.008|303.76
IT-2015-KB1640562-42274|TEC-CO-5995|22/03/2023|KB-1640562|7|53.19808|66.4976
IN-2013-ST2053059-41430|TEC-CO-4578|22/03/2023|ST-2053059|7|102.3744|127.968
MX-2013-DK1337582-41530|TEC-AC-5224|22/03/2023|DK-1337582|5|58.5648|73.206
IS-2014-AS13563-41923|OFF-ST-6264|22/03/2023|AS-13563|12|48.7728|60.966
IN-2012-SP2062011-41262|FUR-CH-5378|22/03/2023|SP-2062011|8|110.5056|138.132
IN-2013-EC1405058-41605|TEC-AC-4186|22/03/2023|EC-1405058|5|54.6432|68.304
EG-2012-IG508538-41109|TEC-PH-5270|22/03/2023|IG-508538|7|90.1884|112.7355
ID-2012-TB2117559-41132|TEC-CO-3685|22/03/2023|TB-2117559|4|137.7648|172.206
MX-2015-TB2135518-42270|FUR-BO-5798|22/03/2023|TB-2135518|6|36.36|45.45
ID-2015-MC176357-42132|TEC-AC-5226|22/03/2023|MC-176357|6|118.2816|147.852
CA-2013-AR10405140-41486|TEC-AC-5237|22/03/2023|AR-104051408|8|25.568|31.96
MX-2015-GT1475582-42157|FUR-TA-3346|22/03/2023|GT-1475582|6|362.832|453.54
CA-2012-AR10405140-41184|FUR-TA-3426|22/03/2023|AR-104051404|2|100.4024|125.503
IT-2012-DF13135139-41213|TEC-CO-3598|22/03/2023|DF-13135139|1|101.593024|126.99128
CA-2015-AR10405140-42175|TEC-AC-6072|22/03/2023|AR-104051406|5|8.2496|10.312
IT-2014-MF18250139-41646|OFF-ST-6046|22/03/2023|MF-18250139|8|47.6208|59.526
ES-2014-JF1535545-41804|FUR-CH-5446|22/03/2023|JF-1535545|9|45.888|57.36
IN-2013-CS1249027-41360|FUR-BO-5763|22/03/2023|CS-1249027|8|140.208|175.26
ID-2014-MY182957-41640|TEC-AC-5122|22/03/2023|MY-182957|3|32.3808|40.476
ES-2015-RD1948048-42140|OFF-AP-4735|22/03/2023|RD-1948048|8|378.4968|473.121
ES-2013-SS2041045-41501|FUR-CH-5441|22/03/2023|SS-2041045|5|112.7808|140.976
EN-2013-AS24042-41422|FUR-BO-3640|22/03/2023|AS-24042|3|156.5184|195.648
ZA-2012-PG8820146-40927|OFF-AR-3494|22/03/2023|PG-8820146|4|9.552|11.94
CM-2015-JS603022-42151|OFF-AP-3574|22/03/2023|JS-603022|14|124.5024|155.628
MX-2014-SS2059031-41977|TEC-PH-5356|22/03/2023|SS-2059031|2|204.4512|255.564
IZ-2013-CS249061-41295|OFF-AP-4507|22/03/2023|CS-249061|5|289.648|362.06
ES-2015-CS1195096-42324|FUR-BO-3894|22/03/2023|CS-1195096|2|62.79336|78.4917
RO-2012-CM2715107-41059|TEC-PH-5336|22/03/2023|CM-2715107|7|89.616|112.02
IN-2012-TB213557-41066|TEC-PH-5812|22/03/2023|TB-213557|10|54.2976|67.872
UP-2015-BM1140137-42119|TEC-CO-4775|22/03/2023|BM-1140137|7|71.5536|89.442
ID-2013-HG1502597-41579|TEC-CO-3610|22/03/2023|HG-1502597|2|120.6432|150.804
ES-2012-RD1972045-41265|OFF-ST-4258|22/03/2023|RD-1972045|3|33.0696|41.337
MX-2013-HF1499518-41423|FUR-CH-4562|22/03/2023|HF-1499518|7|42.6456|53.307
ES-2014-ME1801045-41959|FUR-FU-4034|22/03/2023|ME-1801045|4|13.5648|16.956
IT-2013-LL1684045-41634|TEC-AC-5226|22/03/2023|LL-1684045|6|118.2816|147.852
ID-2014-CM1211558-41768|FUR-CH-5449|22/03/2023|CM-1211558|13|30.5408|38.176
CA-2012-AR10405140-41184|FUR-CH-4403|22/03/2023|AR-104051404|6|28.5488|35.686
LY-2013-EB370574-41409|FUR-BO-4850|22/03/2023|EB-370574|3|132.192|165.24
IN-2014-RH19555102-41858|TEC-MA-5512|22/03/2023|RH-19555102|2|64.0584|80.073
SF-2012-JH5820117-40949|TEC-PH-3791|22/03/2023|JH-5820117|5|43.0704|53.838
IN-2012-SP2062011-41262|TEC-CO-3684|22/03/2023|SP-2062011|8|98.5608|123.201
IN-2015-JL1523527-42322|TEC-MA-5008|22/03/2023|JL-1523527|8|75.2256|94.032
ES-2014-PK1891048-41944|OFF-ST-5703|22/03/2023|PK-1891048|7|67.4208|84.276
CA-2015-AR10405140-42175|OFF-PA-6498|22/03/2023|AR-104051406|4|39.128|48.91
CA-2015-AR10405140-42145|OFF-BI-6098|22/03/2023|AR-104051402|2|3.3024|4.128
CA-2012-AC10420140-41101|FUR-TA-4622|22/03/2023|AC-104201404|2|116.392|145.49
ES-2013-RA1994564-41584|OFF-AP-3866|22/03/2023|RA-1994564|3|134.0208|167.526
IN-2014-BS1138027-41759|FUR-CH-4654|22/03/2023|BS-1138027|3|145.5072|181.884
RS-2015-CC2370108-42178|FUR-BO-5780|22/03/2023|CC-2370108|7|78.696|98.37
SA-2013-JP6135110-41439|FUR-TA-3349|22/03/2023|JP-6135110|6|213.26352|266.5794
ES-2015-LW16825139-42218|TEC-MA-5007|22/03/2023|LW-16825139|4|206.23176|257.7897
IN-2012-BM1157527-41153|FUR-TA-4644|22/03/2023|BM-1157527|6|276.8808|346.101
MX-2013-SH1997582-41454|FUR-BO-3646|22/03/2023|SH-1997582|6|49.404|61.755
IN-2015-JB1592527-42360|TEC-MA-5016|22/03/2023|JB-1592527|7|63.9|79.875
US-2013-AG1033082-41549|FUR-CH-5776|22/03/2023|AG-1033082|2|148.3776|185.472
IN-2015-MS175307-42290|TEC-CO-4791|22/03/2023|MS-175307|3|143.364|179.205
US-2015-AC10420140-42137|OFF-ST-4245|22/03/2023|AC-104201402|2|25.584|31.98
IN-2012-JR156707-40975|TEC-PH-3146|22/03/2023|JR-156707|5|43.728|54.66
CA-2014-AC10420140-41693|OFF-EN-5668|22/03/2023|AC-104201406|7|19.192|23.99
US-2015-AC10420140-42137|OFF-BI-6392|22/03/2023|AC-104201402|3|34.24|42.8
IN-2015-PP1895566-42315|TEC-AC-5224|22/03/2023|PP-1895566|4|58.5648|73.206
IT-2012-RA19285120-41256|TEC-CO-5991|22/03/2023|RA-19285120|6|95.76|119.7
IT-2015-CA1196548-42195|TEC-MA-5012|22/03/2023|CA-1196548|2|20.304|25.38
IS-2015-PB921063-42062|TEC-CO-4774|22/03/2023|PB-921063|9|203.7144|254.643
CA-2012-AC10420140-41101|OFF-BI-6321|22/03/2023|AC-104201404|4|0.7712|0.964
IN-2015-MC17575130-42278|FUR-BO-5787|22/03/2023|MC-17575130|2|166.8864|208.608
ES-2013-AS10225139-41425|TEC-PH-5841|22/03/2023|AS-10225139|8|203.5968|254.496
IN-2013-BS1175592-41591|FUR-TA-3437|22/03/2023|BS-1175592|3|141.888|177.36
ID-2013-BE1141059-41496|FUR-BO-3904|22/03/2023|BE-1141059|6|77.312|96.64
ES-2014-JC15385139-41960|TEC-PH-5354|22/03/2023|JC-15385139|5|381.69|477.1125
CA-2015-AT10435140-42348|FUR-TA-3410|22/03/2023|AT-104351404|4|99.592|124.49
ES-2012-MH1762062-41060|FUR-BO-4851|22/03/2023|MH-1762062|9|131.76|164.7
CA-2015-AT10435140-42348|OFF-AP-4565|22/03/2023|AT-104351404|5|120.96|151.2
SF-2014-SW10245117-41873|FUR-BO-4848|22/03/2023|SW-10245117|1|305.94024|382.4253
CA-2014-AT10435140-41968|TEC-PH-4868|22/03/2023|AT-104351404|1|16.76|20.95
ES-2013-RB1936045-41629|OFF-AP-4506|22/03/2023|RB-1936045|2|173.5488|216.936
ES-2015-TA2138548-42096|FUR-BO-3887|22/03/2023|TA-2138548|4|45.696|57.12
MO-2012-CP234086-41131|TEC-CO-4592|22/03/2023|CP-234086|9|302.712|378.39
IN-2014-NS1864092-41816|OFF-AP-3872|22/03/2023|NS-1864092|4|357.04608|446.3076
CA-2013-AT10435140-41523|OFF-BI-4353|22/03/2023|AT-104351408|2|2.7552|3.444
CA-2014-AT10435140-41968|FUR-FU-3923|22/03/2023|AT-104351404|1|1.5904|1.988
MX-2012-TR2132518-41110|TEC-CO-5998|22/03/2023|TR-2132518|2|141.7392|177.174
ZA-2012-NF8385146-41256|TEC-CO-3598|22/03/2023|NF-8385146|2|101.593024|126.99128
ES-2014-TZ21580139-41692|OFF-AP-3868|22/03/2023|TZ-21580139|2|198.204|247.755
ES-2012-AG1049545-41002|FUR-CH-5448|22/03/2023|AG-1049545|5|82.29144|102.8643
CA-2015-AT10435140-42348|OFF-AR-5291|22/03/2023|AT-104351404|4|3.5712|4.464
IN-2012-NG1843027-41251|TEC-CO-6000|22/03/2023|NG-1843027|2|94.29264|117.8658
IZ-2013-TB1105561-41441|TEC-AC-5225|22/03/2023|TB-1105561|6|105.6896|132.112
SF-2015-LT7110117-42280|TEC-PH-3152|22/03/2023|LT-7110117|6|29.6136|37.017
IN-2015-HK1489059-42244|TEC-CO-5998|22/03/2023|HK-1489059|14|141.7392|177.174
ID-2015-JC15340102-42012|TEC-CO-4791|22/03/2023|JC-15340102|3|143.364|179.205
CA-2015-AT10435140-42097|OFF-AR-5295|22/03/2023|AT-104351406|3|1.7792|2.224
IN-2014-BK1126027-41909|OFF-AP-4498|22/03/2023|BK-1126027|4|90.4032|113.004
MX-2012-CK1276082-41165|TEC-CO-4775|22/03/2023|CK-1276082|2|71.5536|89.442
ID-2015-MB17305144-42049|TEC-AC-4186|22/03/2023|MB-17305144|5|54.6432|68.304
IN-2012-AT107357-41065|TEC-CO-4590|22/03/2023|AT-107357|5|122.1216|152.652
CA-2012-AT10435140-41236|OFF-BI-2907|22/03/2023|AT-104351406|5|1.5312|1.914
ID-2015-AG1030092-42132|FUR-BO-5951|22/03/2023|AG-1030092|3|226.7148|283.3935
MX-2013-JC1538518-41384|TEC-CO-3707|22/03/2023|JC-1538518|4|91.224|114.03
IN-2015-SD2048527-42259|OFF-ST-5702|22/03/2023|SD-2048527|5|67.728|84.66
CA-2012-AT10435140-41269|OFF-FA-6129|22/03/2023|AT-104351404|3|16.8832|21.104
ES-2014-BD1163591-41802|TEC-MA-5005|22/03/2023|BD-1163591|4|42.0408|52.551
CA-2015-AC10450140-42358|OFF-SU-5168|22/03/2023|AC-104501408|7|532.9984|666.248
IN-2015-SD2048527-42259|TEC-PH-3133|22/03/2023|SD-2048527|2|23.856|29.82
CA-2015-AC10450140-42281|OFF-BI-4343|22/03/2023|AC-104501402|6|143.5184|179.398
US-2012-AC10450140-41212|TEC-PH-5607|22/03/2023|AC-104501404|2|74.2336|92.792
ES-2012-MH1811564-41270|FUR-BO-3624|22/03/2023|MH-1811564|8|214.3128|267.891
IN-2015-BE1133527-42276|TEC-MA-5018|22/03/2023|BE-1133527|3|88.1064|110.133
IT-2015-DC1328545-42125|FUR-TA-4643|22/03/2023|DC-1328545|12|276.4776|345.597
ID-2014-CG1252059-41802|TEC-CO-3587|22/03/2023|CG-1252059|3|84.3936|105.492
IN-2014-KC165407-41921|TEC-CO-3679|22/03/2023|KC-165407|4|83.7696|104.712
IN-2014-JE1616592-41725|TEC-CO-3599|22/03/2023|JE-1616592|7|63.303744|79.12968
CA-2014-AC10450140-41968|OFF-BI-4822|22/03/2023|AC-104501404|4|48.7984|60.998
IT-2014-JM1558045-41923|TEC-AC-3405|22/03/2023|JM-1558045|5|110.4896|138.112
IN-2015-VP2173058-42085|FUR-TA-5058|22/03/2023|VP-2173058|6|343.62|429.525
MX-2015-KC1625555-42308|FUR-BO-3892|22/03/2023|KC-1625555|2|164.304|205.38
CA-2013-AC45023-41450|OFF-BI-6370|22/03/2023|AC-45023|3|6.2912|7.864
CA-2013-AC10450140-41586|OFF-BI-6209|22/03/2023|AC-104501406|4|1.4256|1.782
SF-2015-EH3945117-42075|OFF-AP-3579|22/03/2023|EH-3945117|11|299.488|374.36
US-2013-AC10450140-41440|TEC-AC-3407|22/03/2023|AC-104501408|1|11.672|14.59
ES-2015-LR1691545-42237|TEC-CO-4580|22/03/2023|LR-1691545|1|35.5968|44.496
ID-2013-JE154757-41639|FUR-BO-3635|22/03/2023|JE-154757|5|74.1504|92.688
SF-2014-JD6150117-41903|TEC-CO-4765|22/03/2023|JD-6150117|4|78.4416|98.052
CA-2013-AC45023-41366|OFF-BI-2895|22/03/2023|AC-45023|4|3.5064|4.383
MX-2014-MS1783039-41717|FUR-BO-3890|22/03/2023|MS-1783039|2|208.29312|260.3664
IN-2015-ED1388527-42207|TEC-CO-3591|22/03/2023|ED-1388527|6|61.7376|77.172
MX-2014-SG2089051-41752|TEC-CO-3610|22/03/2023|SG-2089051|3|120.6432|150.804
CA-2014-AC10450140-41905|OFF-LA-3244|22/03/2023|AC-104501408|3|8.28|10.35
UP-2015-JB6045137-42132|FUR-CH-4532|22/03/2023|JB-6045137|2|152.2752|190.344
IR-2015-AH58560-42294|OFF-ST-4294|22/03/2023|AH-58560|2|13.8888|17.361
ES-2012-LA1678045-41263|OFF-ST-6046|22/03/2023|LA-1678045|6|47.6208|59.526
ES-2013-JM1586545-41312|FUR-FU-4064|22/03/2023|JM-1586545|13|62|77.5
ES-2015-MP1747048-42364|TEC-PH-3802|22/03/2023|MP-1747048|4|48.6144|60.768
TZ-2015-LT7110129-42314|OFF-ST-4259|22/03/2023|LT-7110129|7|43.9488|54.936
CA-2013-AC10450140-41586|OFF-PA-4460|22/03/2023|AC-104501406|10|3.8272|4.784
MA-2013-MS753077-41432|FUR-BO-4867|22/03/2023|MS-753077|3|63.7416|79.677
ID-2012-AH10195102-41237|OFF-AP-4501|22/03/2023|AH-10195102|4|159.8592|199.824
CA-2014-AC10450140-41905|OFF-BI-2935|22/03/2023|AC-104501408|5|0.4448|0.556
IN-2015-CM1193559-42097|FUR-BO-4844|22/03/2023|CM-1193559|9|102.168|127.71
ID-2014-HA14905102-41702|FUR-BO-4860|22/03/2023|HA-14905102|4|269.9604|337.4505
IN-2015-JG1531059-42134|OFF-ST-4079|22/03/2023|JG-1531059|5|47.6136|59.517
MX-2012-LP1709551-41116|FUR-BO-3642|22/03/2023|LP-1709551|7|233.1648|291.456
CA-2013-AH10465140-41276|FUR-BO-5529|22/03/2023|AH-104651402|6|120.21312|150.2664
ES-2014-EM1382545-41861|TEC-CO-3610|22/03/2023|EM-1382545|9|120.6432|150.804
MX-2013-LS1724582-41531|OFF-AP-4964|22/03/2023|LS-1724582|4|182.2656|227.832
ES-2013-BP11230120-41411|FUR-BO-5969|22/03/2023|BP-11230120|6|124.0416|155.052
SF-2015-CD1920117-42055|FUR-BO-3885|22/03/2023|CD-1920117|3|33.8184|42.273
MX-2015-JJ1544598-42336|FUR-BO-3902|22/03/2023|JJ-1544598|8|155.6992|194.624
MX-2014-KW1643582-41915|TEC-AC-4166|22/03/2023|KW-1643582|10|36.672|45.84
MX-2015-CS1225093-42269|OFF-ST-6047|22/03/2023|CS-1225093|8|47.736|59.67
MX-2015-NP1868582-42019|TEC-CO-6001|22/03/2023|NP-1868582|7|30.204|37.755
ID-2014-CV1280559-41805|TEC-CO-4776|22/03/2023|CV-1280559|4|119.976|149.97
IT-2013-SC20230120-41296|FUR-TA-5063|22/03/2023|SC-20230120|4|181.392|226.74
IN-2014-YS2188027-41738|FUR-CH-4655|22/03/2023|YS-2188027|8|243.808|304.76
ES-2012-LR1703548-41245|FUR-BO-3640|22/03/2023|LR-1703548|6|156.5184|195.648
IN-2014-TC215357-41958|TEC-PH-5268|22/03/2023|TC-215357|3|154.2456|192.807
RS-2015-PB9105108-42369|TEC-CO-4589|22/03/2023|PB-9105108|2|34.6248|43.281
MX-2015-SA2083082-42190|FUR-BO-5760|22/03/2023|SA-2083082|6|105.0264|131.283
CA-2015-AH10465140-42139|TEC-PH-4455|22/03/2023|AH-104651406|5|86.3952|107.994
IN-2014-LA1678027-41858|FUR-BO-5780|22/03/2023|LA-1678027|3|78.696|98.37
IN-2014-NK184907-41972|TEC-CO-3587|22/03/2023|NK-184907|4|84.3936|105.492
ES-2015-MW18220139-42253|TEC-MA-5016|22/03/2023|MW-18220139|7|63.9|79.875
CA-2013-AH10465140-41276|TEC-AC-4140|22/03/2023|AH-104651402|3|79.68|99.6
MX-2015-HR1477082-42328|FUR-CH-5441|22/03/2023|HR-1477082|5|112.7808|140.976
ID-2014-TS216107-41888|FUR-BO-3896|22/03/2023|TS-216107|3|39.0624|48.828
CA-2015-AH10465140-42139|OFF-ST-6627|22/03/2023|AH-104651406|6|7.2256|9.032
MX-2015-AH1046582-42223|TEC-CO-3687|22/03/2023|AH-1046582|2|76.3272|95.409
MX-2012-BT1130582-41214|TEC-PH-5843|22/03/2023|BT-1130582|8|40.3488|50.436
CG-2015-GT475533-42349|OFF-AP-3866|22/03/2023|GT-475533|4|134.0208|167.526
CA-2014-AH10465140-41765|FUR-TA-4624|22/03/2023|AH-104651404|4|24.8808|31.101
MX-2013-TC2114582-41446|TEC-PH-5841|22/03/2023|TC-2114582|2|203.5968|254.496
ES-2012-TT2146045-41014|TEC-AC-5226|22/03/2023|TT-2146045|4|118.2816|147.852
IN-2012-TM2149059-41230|FUR-CH-5412|22/03/2023|TM-2149059|5|38.8872|48.609
IN-2014-AF10870118-41776|TEC-CO-4790|22/03/2023|AF-10870118|7|114.76816|143.4602
CA-2013-AH10465140-41290|OFF-SU-2974|22/03/2023|AH-104651408|3|11.12|13.9
IN-2014-AG1030027-41759|TEC-CO-3609|22/03/2023|AG-1030027|8|151.38|189.225
CA-2013-AH10465140-41276|OFF-AR-5294|22/03/2023|AH-104651402|2|2.352|2.94
MX-2013-MF1825031-41535|TEC-CO-3608|22/03/2023|MF-1825031|3|161.8344|202.293
IN-2015-RB1943558-42090|FUR-BO-5968|22/03/2023|RB-1943558|5|124.4736|155.592
ES-2014-JB1540064-41789|TEC-CO-3611|22/03/2023|JB-1540064|7|151.524|189.405
SA-2012-MG7695110-40974|TEC-AC-5122|22/03/2023|MG-7695110|6|32.3808|40.476
CA-2015-AH10465140-42097|OFF-LA-3219|22/03/2023|AH-104651408|10|3.984|4.98
IN-2013-SN207107-41515|FUR-CH-4655|22/03/2023|SN-207107|3|243.808|304.76
ES-2015-TG2131045-42158|OFF-ST-4057|22/03/2023|TG-2131045|2|56.4828|70.6035
ES-2015-DL133158-42320|TEC-CO-3587|22/03/2023|DL-133158|7|84.3936|105.492
MX-2015-TC2153582-42349|FUR-CH-4561|22/03/2023|TC-2153582|7|97.392|121.74
ES-2015-HA1490564-42264|TEC-AC-4166|22/03/2023|HA-1490564|6|36.672|45.84
MX-2014-MZ1733537-41898|FUR-TA-5060|22/03/2023|MZ-1733537|7|445.9416|557.427
ID-2015-MF18250102-42039|TEC-PH-5355|22/03/2023|MF-18250102|5|305.928|382.41
MX-2015-AJ1094582-42290|OFF-AP-4962|22/03/2023|AJ-1094582|2|225.5744|281.968
IN-2012-KH166907-41135|FUR-CH-5807|22/03/2023|KH-166907|5|100.764|125.955
CA-2013-AA48023-41432|OFF-AP-4506|22/03/2023|AA-48023|3|173.5488|216.936
IN-2013-MV1819027-41450|TEC-AC-3405|22/03/2023|MV-1819027|2|110.4896|138.112
MX-2014-MM1726051-41643|FUR-CH-4531|22/03/2023|MM-1726051|4|113.6664|142.083
CA-2014-AA10480140-41878|FUR-TA-4617|22/03/2023|AA-104801402|9|53.7408|67.176
IN-2013-SC2080058-41310|FUR-BO-5787|22/03/2023|SC-2080058|4|166.8864|208.608
IN-2014-RA1928558-41863|TEC-CO-4791|22/03/2023|RA-1928558|7|143.364|179.205
IN-2015-RB1946558-42326|TEC-AC-5201|22/03/2023|RB-1946558|3|29.136|36.42
ID-2012-CM1219097-41065|TEC-CO-3604|22/03/2023|CM-1219097|9|34.6392|43.299
IT-2015-DR1294048-42330|OFF-AP-3577|22/03/2023|DR-1294048|13|165.5904|206.988
ES-2014-SC20095139-41765|FUR-TA-4706|22/03/2023|SC-20095139|3|142.5792|178.224
IN-2015-PS1904558-42272|OFF-ST-6047|22/03/2023|PS-1904558|2|47.736|59.67
CA-2014-AA10480140-41878|TEC-AC-5279|22/03/2023|AA-104801402|3|102.3936|127.992
CA-2014-AA10480140-41838|OFF-ST-6287|22/03/2023|AA-104801402|3|169.7088|212.136
CA-2014-AA10480140-41878|TEC-PH-3827|22/03/2023|AA-104801402|1|44.7936|55.992
IR-2012-TS1143060-40963|TEC-PH-3807|22/03/2023|TS-1143060|3|157.0176|196.272
IN-2015-LM1706527-42265|TEC-CO-4775|22/03/2023|LM-1706527|1|71.5536|89.442
ID-2014-KH163607-41950|FUR-BO-5943|22/03/2023|KH-163607|7|66.672|83.34
IN-2012-DP1300078-41223|TEC-CO-4772|22/03/2023|DP-1300078|6|92.023584|115.02948
ES-2015-MC18100120-42246|FUR-BO-3905|22/03/2023|MC-18100120|8|38.9088|48.636
CA-2014-AA10480140-41838|OFF-ST-3744|22/03/2023|AA-104801402|6|51.8272|64.784
IT-2014-EH13945139-41840|TEC-CO-5993|22/03/2023|EH-13945139|3|54.231424|67.78928
ES-2014-JB1540064-41789|OFF-AP-3875|22/03/2023|JB-1540064|7|128.7432|160.929
ES-2015-EH1418548-42146|OFF-ST-5693|22/03/2023|EH-1418548|3|34.0992|42.624
CA-2014-AA10480140-41838|OFF-PA-6552|22/03/2023|AA-104801402|7|4.1472|5.184
IN-2012-DJ13420144-40988|OFF-AP-4956|22/03/2023|DJ-13420144|8|148.68|185.85
ZA-2013-DJ3510146-41524|TEC-PH-5354|22/03/2023|DJ-3510146|9|381.69|477.1125
MX-2013-DS1318093-41419|OFF-AP-3575|22/03/2023|DS-1318093|2|166.1856|207.732
MX-2012-PW1903082-41174|FUR-BO-3889|22/03/2023|PW-1903082|5|98.4528|123.066
ES-2015-HM14860139-42181|TEC-AC-5223|22/03/2023|HM-14860139|5|78.7872|98.484
EG-2015-RD966038-42283|TEC-CO-6009|22/03/2023|RD-966038|13|114.3552|142.944
US-2012-SC200505-41163|FUR-BO-3641|22/03/2023|SC-200505|2|263.2824|329.103
IN-2013-ES1402027-41445|FUR-CH-4547|22/03/2023|ES-1402027|5|59.736|74.67
MX-2015-LB1673536-42312|TEC-PH-3806|22/03/2023|LB-1673536|3|208.8576|261.072
MX-2013-TB2135518-41606|FUR-TA-4710|22/03/2023|TB-2135518|2|227.6352|284.544
IN-2013-EH1376527-41612|FUR-BO-4862|22/03/2023|EH-1376527|5|77.8112|97.264
ES-2015-MZ17515124-42326|TEC-CO-4568|22/03/2023|MZ-17515124|2|83.519072|104.39884
IN-2014-JH1591092-41959|FUR-CH-5378|22/03/2023|JH-1591092|5|110.5056|138.132
ES-2014-PK1907544-41703|FUR-BO-3891|22/03/2023|PK-1907544|2|131.8752|164.844
CA-2012-AA10480140-41032|FUR-FU-3924|22/03/2023|AA-104801406|3|8.7872|10.984
CA-2014-AA10480140-41838|OFF-PA-6213|22/03/2023|AA-104801402|2|5.848|7.31
IN-2014-YS218807-41957|TEC-CO-3707|22/03/2023|YS-218807|3|91.224|114.03
HU-2012-ER385557-40918|FUR-BO-4863|22/03/2023|ER-385557|6|116.2848|145.356
MX-2015-MH1802539-42349|TEC-PH-3129|22/03/2023|MH-1802539|1|40.0752|50.094
IN-2014-MG1820558-41853|TEC-AC-3403|22/03/2023|MG-1820558|5|102.624|128.28
ES-2015-MS17710139-42290|TEC-PH-5355|22/03/2023|MS-17710139|5|305.928|382.41
TO-2014-LC6960131-41811|OFF-AP-4957|22/03/2023|LC-6960131|4|165.504|206.88
CA-2014-AA10480140-41878|OFF-PA-6506|22/03/2023|AA-104801402|2|3.6992|4.624
CA-2014-AA10480140-41838|OFF-PA-5677|22/03/2023|AA-104801402|2|4.8896|6.112
MX-2012-SO2033582-41076|FUR-TA-4689|22/03/2023|SO-2033582|1|221.056|276.32
MX-2013-NS1864051-41492|TEC-MA-5021|22/03/2023|NS-1864051|3|83.13|103.9125
IN-2015-KD1649578-42159|TEC-PH-5335|22/03/2023|KD-1649578|7|36.1792|45.224
CA-2015-AA10480140-42110|OFF-PA-6523|22/03/2023|AA-104801408|8|5.184|6.48
ES-2013-BF1102064-41633|FUR-BO-4864|22/03/2023|BF-1102064|3|29.2896|36.612
ES-2015-GZ1454545-42229|OFF-AP-4966|22/03/2023|GZ-1454545|4|182.688|228.36
ES-2013-RD19585139-41348|TEC-MA-5571|22/03/2023|RD-19585139|3|142.192|177.74
CG-2014-JK562533-41949|TEC-CO-6012|22/03/2023|JK-562533|4|264.80448|331.0056
ID-2014-MG176807-41786|OFF-AP-4962|22/03/2023|MG-176807|4|225.5744|281.968
IT-2013-DB1297045-41562|FUR-TA-5055|22/03/2023|DB-1297045|6|68.5344|85.668
IN-2012-NH1861092-41187|FUR-BO-4848|22/03/2023|NH-1861092|11|305.94024|382.4253
ES-2012-JJ1576045-41185|TEC-CO-3707|22/03/2023|JJ-1576045|2|91.224|114.03
ES-2015-NC1841514-42180|TEC-PH-5337|22/03/2023|NC-1841514|4|53.3856|66.732
CA-2014-AA10480140-41878|OFF-AR-5314|22/03/2023|AA-104801402|8|2.304|2.88
ES-2013-BD1177048-41394|FUR-CH-5380|22/03/2023|BD-1177048|3|196.352|245.44
MX-2013-PC1874531-41580|FUR-TA-3413|22/03/2023|PC-1874531|3|135.83688|169.7961
EN-2012-AB60042-40932|OFF-AP-3578|22/03/2023|AB-60042|3|299.184|373.98
MX-2012-RA1991518-41226|OFF-AP-4502|22/03/2023|RA-1991518|1|160.0416|200.052
IN-2014-EM139607-41895|TEC-CO-6006|22/03/2023|EM-139607|3|50.918784|63.64848
IN-2012-MT1781527-41121|TEC-MA-5003|22/03/2023|MT-1781527|9|36.7616|45.952
BU-2015-CA226519-42162|TEC-MA-6142|22/03/2023|CA-226519|3|200.37528|250.4691
CA-2013-AG10495140-41589|OFF-ST-3018|22/03/2023|AG-104951402|6|38.2464|47.808
CA-2013-AG10495140-41433|OFF-ST-4291|22/03/2023|AG-104951408|7|103.392|129.24
IN-2014-KB162407-41902|OFF-ST-4267|22/03/2023|KB-162407|4|49.8744|62.343
IN-2013-GB145307-41338|FUR-BO-5760|22/03/2023|GB-145307|6|105.0264|131.283
ES-2015-GZ1447048-42060|FUR-CH-5774|22/03/2023|GZ-1447048|7|275.4|344.25
MX-2014-BF1117082-41710|TEC-MA-5517|22/03/2023|BF-1117082|4|73.746|92.1825
MX-2014-RA1994518-41998|OFF-ST-6047|22/03/2023|RA-1994518|8|47.736|59.67
ES-2013-PB19210139-41327|TEC-AC-5897|22/03/2023|PB-19210139|6|61.5744|76.968
CA-2013-AG10495140-41571|FUR-TA-4944|22/03/2023|AG-104951402|2|45.3696|56.712
IN-2012-CH1207027-41010|FUR-BO-4860|22/03/2023|CH-1207027|7|269.9604|337.4505
IT-2015-CM1244545-42235|TEC-PH-5839|22/03/2023|CM-1244545|4|204.48|255.6
ES-2014-KW1643545-41759|TEC-PH-3806|22/03/2023|KW-1643545|3|208.8576|261.072
CA-2013-AG10495140-41589|OFF-AP-4610|22/03/2023|AG-104951402|2|44.0384|55.048
IN-2014-AR1040558-41788|OFF-ST-4057|22/03/2023|AR-1040558|2|56.4828|70.6035
ES-2015-CC1237048-42095|TEC-MA-5512|22/03/2023|CC-1237048|6|64.0584|80.073
CA-2013-AG10495140-41277|FUR-FU-3924|22/03/2023|AG-104951408|8|8.7872|10.984
IN-2014-GM1450027-41755|TEC-AC-3403|22/03/2023|GM-1450027|14|102.624|128.28
EG-2013-KL655538-41606|TEC-CO-4582|22/03/2023|KL-655538|4|35.6832|44.604
IN-2014-AM1036058-41664|TEC-CO-4568|22/03/2023|AM-1036058|6|83.519072|104.39884
ES-2015-TS2150545-42042|TEC-CO-3598|22/03/2023|TS-2150545|6|101.593024|126.99128
TZ-2012-CS2175129-40926|OFF-ST-4266|22/03/2023|CS-2175129|2|91.2252|114.0315
ES-2012-DJ88887148-41231|FUR-TA-3336|22/03/2023|DJ-88887148|4|157.9188|197.3985
ID-2013-NM18445130-41504|TEC-MA-4199|22/03/2023|NM-18445130|4|123.288|154.11
MX-2013-BD1156018-41572|FUR-BO-3904|22/03/2023|BD-1156018|4|77.312|96.64
ES-2014-RD1966064-41643|OFF-AP-3577|22/03/2023|RD-1966064|5|165.5904|206.988
MX-2014-EM1396082-41979|FUR-BO-4844|22/03/2023|EM-1396082|4|102.168|127.71
MX-2013-ED1388539-41545|FUR-TA-5059|22/03/2023|ED-1388539|5|136.824|171.03
MX-2013-GH1448582-41415|FUR-BO-3901|22/03/2023|GH-1448582|5|144.744|180.93
IN-2015-JJ1544558-42020|FUR-CH-5774|22/03/2023|JJ-1544558|4|275.4|344.25
IN-2015-RA1988527-42034|TEC-PH-3147|22/03/2023|RA-1988527|3|178.164|222.705
ID-2012-SB201707-41271|TEC-PH-5267|22/03/2023|SB-201707|2|437.0904|546.363
IN-2015-BE1145559-42305|OFF-AP-3577|22/03/2023|BE-1145559|1|165.5904|206.988
IN-2014-LP1709527-41793|TEC-CO-3589|22/03/2023|LP-1709527|4|83.8176|104.772
MX-2013-VM2168582-41512|TEC-AC-5226|22/03/2023|VM-2168582|3|118.2816|147.852
CA-2013-AG10495140-41573|TEC-PH-5563|22/03/2023|AG-104951404|8|52.792|65.99
IN-2012-MG1820527-41195|FUR-CH-5448|22/03/2023|MG-1820527|2|82.29144|102.8643
CA-2013-AG10495140-41433|OFF-PA-6507|22/03/2023|AG-104951408|6|24.784|30.98
CA-2013-AG10495140-41433|FUR-FU-3031|22/03/2023|AG-104951408|7|24.744|30.93
ES-2014-MV18190120-41677|TEC-CO-3597|22/03/2023|MV-18190120|7|235.65456|294.5682
CA-2013-AG10495140-41573|TEC-PH-5608|22/03/2023|AG-104951404|3|34.36|42.95
ES-2015-SP20650120-42349|FUR-BO-5969|22/03/2023|SP-20650120|2|124.0416|155.052
ID-2015-EM138107-42097|TEC-CO-3607|22/03/2023|EM-138107|3|45.572384|56.96548
IN-2013-MD178607-41502|FUR-BO-5959|22/03/2023|MD-178607|11|93.1392|116.424
ES-2015-JH1582048-42259|FUR-BO-5951|22/03/2023|JH-1582048|4|226.7148|283.3935
CA-2015-AG10495140-42291|OFF-ST-4098|22/03/2023|AG-104951406|3|9.952|12.44
ID-2012-ON187157-41068|FUR-CH-5794|22/03/2023|ON-187157|6|63.5904|79.488
IN-2012-DM1295558-41142|TEC-PH-5267|22/03/2023|DM-1295558|5|437.0904|546.363
CA-2015-AG49523-42073|OFF-AP-4494|22/03/2023|AG-49523|3|30.7152|38.394
US-2014-RH1949536-41760|FUR-CH-5795|22/03/2023|RH-1949536|1|86.3424|107.928
US-2012-DV1304582-41208|FUR-TA-3772|22/03/2023|DV-1304582|7|168.156|210.195
MR-2015-RD981081-42316|TEC-CO-4568|22/03/2023|RD-981081|3|83.519072|104.39884
MX-2012-ST2053093-41234|TEC-CO-3610|22/03/2023|ST-2053093|6|120.6432|150.804
US-2015-DK1283582-42223|FUR-BO-3628|22/03/2023|DK-1283582|3|39.504|49.38
MX-2015-EB1375018-42279|TEC-PH-5356|22/03/2023|EB-1375018|9|204.4512|255.564
MX-2014-BM1165031-41934|TEC-AC-5137|22/03/2023|BM-1165031|4|198.024|247.53
CA-2013-AG10495140-41433|OFF-PA-6519|22/03/2023|AG-104951408|5|4.224|5.28
SG-2015-AJ945111-42265|TEC-CO-5990|22/03/2023|AJ-945111|10|57.8016|72.252
IN-2015-OT1873059-42297|TEC-CO-4592|22/03/2023|OT-1873059|8|302.712|378.39
MX-2015-BV1124528-42245|FUR-TA-3765|22/03/2023|BV-1124528|5|371.3024|464.128
US-2015-KL165555-42284|OFF-AP-4503|22/03/2023|KL-165555|5|160.2816|200.352
IT-2014-EH14005120-41992|OFF-ST-6246|22/03/2023|EH-14005120|5|42.624|53.28
CA-2015-AG10495140-42291|OFF-LA-3208|22/03/2023|AG-104951406|6|8.28|10.35
IT-2014-KC1667548-41882|FUR-CH-4704|22/03/2023|KC-1667548|3|88.48|110.6
US-2015-PO1885055-42164|TEC-AC-5226|22/03/2023|PO-1885055|2|118.2816|147.852
MX-2014-RF1984031-41747|TEC-CO-5993|22/03/2023|RF-1984031|4|54.231424|67.78928
ES-2015-MG1769591-42335|FUR-BO-4848|22/03/2023|MG-1769591|6|305.94024|382.4253
CG-2015-LL684033-42334|TEC-PH-3127|22/03/2023|LL-684033|3|122.2128|152.766
CA-2015-AG10495140-42291|OFF-PA-3014|22/03/2023|AG-104951406|4|4.544|5.68
IN-2014-CK1259559-41678|TEC-CO-3587|22/03/2023|CK-1259559|4|84.3936|105.492
SF-2015-CC2685117-42238|FUR-TA-3421|22/03/2023|CC-2685117|5|147.4128|184.266
CG-2015-GT475533-42349|FUR-CH-5447|22/03/2023|GT-475533|2|33.2352|41.544
US-2013-PO1918082-41504|TEC-CO-4577|22/03/2023|PO-1918082|4|135.391872|169.23984
ES-2015-LO1717048-42255|TEC-CO-4592|22/03/2023|LO-1717048|5|302.712|378.39
CA-2015-AG49523-42321|OFF-BI-4829|22/03/2023|AG-49523|4|2.9664|3.708
IN-2015-MC1763566-42264|TEC-CO-3602|22/03/2023|MC-1763566|1|76.596|95.745
ID-2015-JG15310130-42133|TEC-PH-5351|22/03/2023|JG-15310130|7|33.0696|41.337
IN-2013-SW20755102-41481|TEC-CO-3687|22/03/2023|SW-20755102|3|76.3272|95.409
MX-2014-PH1879051-41842|TEC-PH-5267|22/03/2023|PH-1879051|3|437.0904|546.363
MX-2013-DE1325551-41370|TEC-AC-4187|22/03/2023|DE-1325551|3|83.1456|103.932
IN-2015-BM1178527-42329|TEC-AC-5137|22/03/2023|BM-1178527|5|198.024|247.53
CA-2015-AG10495140-42291|OFF-PA-5629|22/03/2023|AG-104951406|4|5.824|7.28
ID-2013-KH1669027-41454|FUR-TA-3359|22/03/2023|KH-1669027|2|219.17832|273.9729
SA-2014-RF9345110-41826|TEC-CO-5990|22/03/2023|RF-9345110|3|57.8016|72.252
MX-2012-AJ1094582-41163|TEC-AC-3403|22/03/2023|AJ-1094582|4|102.624|128.28
ES-2013-SC2002045-41499|TEC-PH-3143|22/03/2023|SC-2002045|6|33.48|41.85
IN-2015-DW1358566-42364|TEC-PH-3815|22/03/2023|DW-1358566|3|75.376|94.22
PL-2015-KB6315103-42058|FUR-TA-3759|22/03/2023|KB-6315103|9|71.2992|89.124
IN-2015-ED1388527-42207|FUR-BO-3906|22/03/2023|ED-1388527|1|59.0112|73.764
MX-2014-BP1115582-41699|TEC-CO-3596|22/03/2023|BP-1115582|6|101.478208|126.84776
CM-2013-EM406522-41536|FUR-FU-5730|22/03/2023|EM-406522|6|57.872|72.34
ES-2012-JK156408-41261|FUR-BO-5746|22/03/2023|JK-156408|14|109.6704|137.088
CA-2013-AG10495140-41571|OFF-PA-6558|22/03/2023|AG-104951402|9|5.184|6.48
ES-2013-FO1430548-41621|TEC-MA-5574|22/03/2023|FO-1430548|3|181.2132|226.5165
US-2015-BT115305-42336|TEC-PH-5356|22/03/2023|BT-115305|8|204.4512|255.564
CA-2013-AG10495140-41433|OFF-BI-5636|22/03/2023|AG-104951408|5|24.352|30.44
ES-2014-MG17680120-41867|FUR-BO-5954|22/03/2023|MG-17680120|2|35.676|44.595
IN-2012-ML182657-41114|TEC-CO-4577|22/03/2023|ML-182657|7|135.391872|169.23984
IN-2012-TS2161092-40939|TEC-PH-5267|22/03/2023|TS-2161092|5|437.0904|546.363
SF-2014-RW9540117-41942|FUR-CH-5443|22/03/2023|RW-9540117|4|150.2976|187.872
IN-2014-DL1292592-41817|FUR-BO-5780|22/03/2023|DL-1292592|2|78.696|98.37
MX-2012-JK1609082-41269|FUR-TA-3418|22/03/2023|JK-1609082|8|158.7168|198.396
ES-2012-GT14710120-41198|FUR-BO-3901|22/03/2023|GT-14710120|6|144.744|180.93
ES-2014-JM1565564-41822|FUR-BO-4851|22/03/2023|JM-1565564|2|131.76|164.7
US-2012-LB167355-41172|FUR-BO-5761|22/03/2023|LB-167355|3|222.09768|277.6221
ES-2015-ND18460120-42132|TEC-MA-5008|22/03/2023|ND-18460120|4|75.2256|94.032
ID-2013-PS1904559-41450|TEC-MA-5015|22/03/2023|PS-1904559|3|84.7968|105.996
MX-2012-AD1018018-41136|FUR-CH-4702|22/03/2023|AD-1018018|6|38.6928|48.366
CA-2014-AG10495140-41933|OFF-BI-4297|22/03/2023|AG-104951404|5|1.2864|1.608
IN-2015-PV18985113-42214|FUR-CH-4524|22/03/2023|PV-18985113|3|17.28|21.6
ES-2013-VS2182045-41537|FUR-BO-3902|22/03/2023|VS-2182045|8|155.6992|194.624
ES-2014-CW11905139-41909|OFF-AR-6125|22/03/2023|CW-11905139|3|10.6632|13.329
CA-2013-AG10495140-41433|OFF-LA-6021|22/03/2023|AG-104951408|6|3|3.75
ID-2014-EB1384059-41928|FUR-TA-3436|22/03/2023|EB-1384059|3|188.412|235.515
CA-2013-AG10495140-41571|OFF-PA-6559|22/03/2023|AG-104951402|3|5.184|6.48
ES-2013-CW1190545-41488|TEC-PH-5355|22/03/2023|CW-1190545|2|305.928|382.41
IN-2012-CC126707-41203|OFF-ST-4079|22/03/2023|CC-126707|3|47.6136|59.517
IN-2014-KC165407-41921|TEC-CO-3608|22/03/2023|KC-165407|7|161.8344|202.293
IN-2014-CP12085130-41935|FUR-BO-3624|22/03/2023|CP-12085130|5|214.3128|267.891
IN-2013-BF1127592-41633|TEC-CO-4593|22/03/2023|BF-1127592|5|91.2456|114.057
ID-2012-TT2107059-41263|OFF-ST-5700|22/03/2023|TT-2107059|1|93.1128|116.391
CA-2013-AG10495140-41433|OFF-AR-5324|22/03/2023|AG-104951408|5|2.224|2.78
IT-2012-DL1333091-41145|OFF-AR-5932|22/03/2023|DL-1333091|2|14.9568|18.696
ID-2012-CM12385102-40954|TEC-PH-5353|22/03/2023|CM-12385102|14|32.76|40.95
IZ-2014-CK232561-41996|TEC-CO-4792|22/03/2023|CK-232561|9|115.2672|144.084
ID-2014-TT2122088-41999|FUR-CH-4656|22/03/2023|TT-2122088|4|147.0048|183.756
MX-2014-JF1529536-41930|FUR-BO-5951|22/03/2023|JF-1529536|3|226.7148|283.3935
IT-2015-BP11095124-42363|FUR-BO-3630|22/03/2023|BP-11095124|4|26.7392|33.424
IN-2015-RB1957058-42206|OFF-ST-4080|22/03/2023|RB-1957058|5|42.2272|52.784
ID-2015-MC181007-42252|TEC-MA-5572|22/03/2023|MC-181007|6|63.2736|79.092
IN-2013-DP1316558-41623|TEC-CO-5999|22/03/2023|DP-1316558|4|70.524|88.155
IN-2013-RO1978058-41296|OFF-AP-4960|22/03/2023|RO-1978058|5|210.948|263.685
MX-2014-JG1511539-41865|FUR-CH-4564|22/03/2023|JG-1511539|5|43.7688|54.711
IN-2015-DW1319527-42321|FUR-TA-3343|22/03/2023|DW-1319527|6|484.944|606.18
ID-2014-JH1543059-41996|FUR-TA-5074|22/03/2023|JH-1543059|1|373.944|467.43
MX-2012-JG1511582-41196|TEC-CO-4775|22/03/2023|JG-1511582|4|71.5536|89.442
ES-2015-DB13210139-42164|FUR-BO-3624|22/03/2023|DB-13210139|6|214.3128|267.891
CA-2013-AG10495140-41570|OFF-BI-3302|22/03/2023|AG-104951404|2|2.8736|3.592
MX-2012-JL1583531-41065|OFF-ST-6049|22/03/2023|JL-1583531|1|63.1968|78.996
IZ-2013-DV346561-41431|TEC-CO-3708|22/03/2023|DV-346561|3|151.32|189.15
SA-2015-MY7380110-42047|FUR-BO-5787|22/03/2023|MY-7380110|4|166.8864|208.608
CA-2014-AR10510140-42000|TEC-AC-3373|22/03/2023|AR-105101406|4|19.1936|23.992
BO-2015-PB915013-42172|TEC-PH-3805|22/03/2023|PB-915013|3|208.4736|260.592
CA-2013-AR10510140-41517|OFF-PA-6590|22/03/2023|AR-105101404|2|5.184|6.48
IN-2014-AG103907-41969|TEC-CO-3599|22/03/2023|AG-103907|9|63.303744|79.12968
CA-2012-AR10510140-41030|OFF-AP-3364|22/03/2023|AR-105101406|6|1.7424|2.178
US-2012-AR10510140-41051|TEC-PH-5257|22/03/2023|AR-105101406|3|29.4336|36.792
IN-2012-EP1391527-41186|FUR-CH-5808|22/03/2023|EP-1391527|2|102.114|127.6425
ES-2012-DP1316545-41159|OFF-AP-4731|22/03/2023|DP-1316545|5|98.7648|123.456
IN-2014-AA106457-41815|FUR-BO-3904|22/03/2023|AA-106457|6|77.312|96.64
IT-2012-DK1337591-41268|FUR-CH-5380|22/03/2023|DK-1337591|5|196.352|245.44
IN-2015-MC1784527-42249|TEC-PH-5267|22/03/2023|MC-1784527|6|437.0904|546.363
CA-2015-AR10510140-42355|OFF-BI-5584|22/03/2023|AR-105101402|2|0.5184|0.648
US-2012-AR10510140-41051|OFF-AR-5294|22/03/2023|AR-105101406|5|2.352|2.94
IN-2014-LT1676558-41954|FUR-CH-5793|22/03/2023|LT-1676558|9|43.968|54.96
US-2013-BP1118536-41451|TEC-CO-4769|22/03/2023|BP-1118536|7|55.599648|69.49956
IN-2013-HH1501058-41576|TEC-AC-4166|22/03/2023|HH-1501058|7|36.672|45.84
IN-2012-BD1163592-41222|TEC-PH-3797|22/03/2023|BD-1163592|7|19.62|24.525
US-2012-AR10510140-41051|OFF-BI-3119|22/03/2023|AR-105101406|6|3.5008|4.376
MX-2012-LP1709528-41002|TEC-CO-3695|22/03/2023|LP-1709528|2|46.816224|58.52028
ES-2014-ZC2191064-41828|TEC-CO-3688|22/03/2023|ZC-2191064|6|88.6452|110.8065
CA-2012-AG10525140-41153|TEC-MA-4213|22/03/2023|AG-105251402|3|74.628|93.285
ES-2015-KW16570139-42059|FUR-CH-5450|22/03/2023|KW-16570139|3|20.096|25.12
ID-2015-JG15310130-42133|FUR-BO-3648|22/03/2023|JG-15310130|5|52.4672|65.584
ID-2014-CM11830144-41766|TEC-CO-3709|22/03/2023|CM-11830144|4|120.5952|150.744
IN-2013-JF151907-41409|FUR-BO-5966|22/03/2023|JF-151907|4|206.448|258.06
IN-2014-BF1100527-41913|FUR-BO-5950|22/03/2023|BF-1100527|7|93.2992|116.624
MX-2013-LT1676539-41532|FUR-CH-5441|22/03/2023|LT-1676539|1|112.7808|140.976
EG-2013-JB604538-41580|TEC-MA-5549|22/03/2023|JB-604538|2|99.8688|124.836
TU-2012-JF5190134-41121|FUR-CH-5441|22/03/2023|JF-5190134|2|112.7808|140.976
IN-2014-AB106007-41725|OFF-AP-3574|22/03/2023|AB-106007|8|124.5024|155.628
ES-2015-AS1004545-42346|TEC-AC-3402|22/03/2023|AS-1004545|4|82.8|103.5
IN-2014-TR213257-41908|FUR-CH-4654|22/03/2023|TR-213257|8|145.5072|181.884
CA-2013-AG10525140-41524|FUR-TA-3561|22/03/2023|AG-105251406|4|256.6272|320.784
IN-2015-AJ1078058-42245|FUR-BO-5951|22/03/2023|AJ-1078058|2|226.7148|283.3935
MX-2014-CM1223528-41782|FUR-BO-5760|22/03/2023|CM-1223528|2|105.0264|131.283
ES-2015-DV1304545-42221|FUR-CH-4684|22/03/2023|DV-1304545|2|28.3456|35.432
AO-2012-BS18004-41191|TEC-AC-5226|22/03/2023|BS-18004|9|118.2816|147.852
ES-2015-CS12175139-42235|OFF-AP-4737|22/03/2023|CS-12175139|4|379.4472|474.309
CG-2014-MR754533-41650|FUR-BO-5960|22/03/2023|MR-754533|2|94.608|118.26
ID-2014-JF155657-41899|FUR-BO-5785|22/03/2023|JF-155657|4|93.42|116.775
MX-2012-MD1735082-41202|TEC-CO-3688|22/03/2023|MD-1735082|5|88.6452|110.8065
